Nome,E-mail,Telefone
Jc Jacobi,khadijah@barton.example,917.237.7140 x861
Guadalupe Boyer,lacresha@oberbrunner-zieme.test,262-335-1311 x723
Luba Will,zoraida_frami@kub.test,385-377-9426 x28531
Hue Treutel,bud@cronin.test,(960) 334-1443 x651
Madalyn Lemke,chae@haag.test,605.474.8247 x884
Gov. Emilee McClure,alfonso@stamm.example,(939) 609-2638
Jake Kutch,anthony_langosh@abernathy.example,1-315-368-2606
Freddie Larson,ramiro.stracke@smitham-kulas.example,341-585-7581 x131
Vicenta Romaguera,bryant@spencer-hamill.test,160.146.3928 x23993
Ronni Durgan,lauretta.medhurst@batz.example,934-940-4612
Young Will,tommye_connelly@larkin.test,424-756-5312 x558
Bryce Reichel,moshe_ruecker@ohara-rippin.test,621-433-7179
Kizzie Lakin,raymon@strosin-bergstrom.example,975.759.2574 x28598
Rev. Williams Leffler,sammie.moen@hauck-johns.test,1-946-849-3734
Mr. Angele Crona,rufus_runolfsdottir@hermann.test,1-871-233-8383 x944
Clarice Donnelly,janeen_zemlak@kassulke-hoeger.example,1-279-171-1832 x03553
Iraida Schumm,tristan@reinger.test,859.724.9502 x8407
Maryjane Auer,inga@medhurst-russel.test,1-903-671-6274 x3852
Lanita Wolf,amada@hegmann.example,677.817.0360 x9603
Luis McCullough,robin_metz@pfannerstill-gorczany.test,319-153-9984 x572
